id,lora_prob,rank
000104.jpg,0.9932116645353811,1
000155.jpg,0.9929750230577258,2
000184.jpg,0.9927474657694498,3
000146.jpg,0.9921422711125126,4
000133.jpg,0.9910883108774821,5
000047.jpg,0.9903617722016794,6
000001.jpg,0.9902003893145809,7
000134.jpg,0.9899983604749044,8
000067.jpg,0.9899865587552389,9
000034.jpg,0.9897867065888865,10
000078.jpg,0.9895664563885441,11
000081.jpg,0.988590874053814,12
000014.jpg,0.9884358401651735,13
000052.jpg,0.9878284048151086,14
000023.jpg,0.987718575530582,15
000154.jpg,0.9876468512747022,16
000012.jpg,0.9876247070453785,17
000009.jpg,0.9876170401219969,18
000157.jpg,0.9874960007490935,19
000185.jpg,0.9872994069699889,20
000172.jpg,0.9867173322924861,21
000060.jpg,0.986484995594731,22
000158.jpg,0.9860957838870861,23
000169.jpg,0.9858536212532609,24
000027.jpg,0.9857707906652381,25
000005.jpg,0.9853454762034947,26
000103.jpg,0.9851300959233885,27
000043.jpg,0.9850281874338785,28
000159.jpg,0.9848558615755151,29
000105.jpg,0.984565657598001,30
000175.jpg,0.9841487716745446,31
000102.jpg,0.9835804678775646,32
000029.jpg,0.9808768563800387,33
000019.jpg,0.9755225821777627,34
000048.jpg,0.9716323923181606,35
000106.jpg,0.9467943984049337,36
000042.jpg,0.9121418024102846,37
000038.jpg,0.9052582399712668,38
000080.jpg,0.8958782967593933,39
000139.jpg,0.8915294364646629,40
000120.jpg,0.88547728334864,41
000142.jpg,0.8578961633697704,42
000085.jpg,0.8520290741214046,43
000166.jpg,0.846296978769479,44
000162.jpg,0.8303744298992334,45
000107.jpg,0.8257425319127463,46
000110.jpg,0.8176527181985201,47
000111.jpg,0.8148257989022466,48
000141.jpg,0.8003414198756218,49
000030.jpg,0.7985123295888857,50
000147.jpg,0.7984834553466902,51
000161.jpg,0.7910186302054812,52
000129.jpg,0.7840615473687649,53
000186.jpg,0.7662887517362833,54
000055.jpg,0.7368152174339802,55
000018.jpg,0.7042649429705409,56
000089.jpg,0.6416103923348365,57
000181.jpg,0.6328853277006635,58
000137.jpg,0.6289874658126521,59
000163.jpg,0.6234264944300607,60
000079.jpg,0.5960523116367834,61
000003.jpg,0.5807368600120147,62
000058.jpg,0.5591588838508836,63
000164.jpg,0.5568328464610709,64
000109.jpg,0.5181490173908295,65
000061.jpg,0.5063962539037069,66
000033.jpg,0.5057425665220728,67
000045.jpg,0.472863281076705,68
000064.jpg,0.471317200973216,69
000028.jpg,0.44597000994340136,70
000099.jpg,0.41572209226864354,71
000063.jpg,0.4123216924705991,72
000017.jpg,0.41060870327055454,73
000119.jpg,0.4071588974308084,74
000031.jpg,0.4049818149112441,75
000077.jpg,0.4025166445860156,76
000194.jpg,0.3995320663821919,77
000004.jpg,0.3966037398894076,78
000112.jpg,0.3668776491001524,79
000098.jpg,0.3595762315240723,80
000173.jpg,0.33621834137442486,81
000128.jpg,0.32087715173623077,82
000182.jpg,0.3144137114286423,83
000088.jpg,0.30920731797124495,84
000094.jpg,0.2968506912735326,85
000100.jpg,0.29601109472827775,86
000174.jpg,0.29325857763696045,87
000130.jpg,0.28218229601366657,88
000188.jpg,0.2769397860737863,89
000177.jpg,0.2728593547104134,90
000093.jpg,0.27263580328198495,91
000127.jpg,0.27203010581433773,92
000059.jpg,0.27107774040282323,93
000168.jpg,0.2654263634855549,94
000070.jpg,0.25752440962457546,95
000057.jpg,0.2516685045427746,96
000124.jpg,0.2425374949902848,97
000016.jpg,0.24246184626180264,98
000068.jpg,0.23559829703083746,99
000170.jpg,0.23415184493556065,100
000015.jpg,0.21818279543960536,101
000069.jpg,0.21213857198341027,102
000131.jpg,0.21024915105145836,103
000008.jpg,0.20481622151823506,104
000053.jpg,0.20139739058773828,105
000121.jpg,0.2003813087940216,106
000083.jpg,0.19293157897751642,107
000140.jpg,0.18779842103659003,108
000076.jpg,0.18245461352031542,109
000051.jpg,0.17510366350136422,110
000151.jpg,0.169968091417104,111
000092.jpg,0.1682791205605975,112
000143.jpg,0.1671080745722133,113
000150.jpg,0.16205889914460758,114
000021.jpg,0.1609540472359017,115
000191.jpg,0.1585494416972829,116
000084.jpg,0.14982697743646525,117
000192.jpg,0.14837111417135154,118
000153.jpg,0.144937248279651,119
000037.jpg,0.14235659567984163,120
000041.jpg,0.13483533025201824,121
000180.jpg,0.1340663704883169,122
000165.jpg,0.13270887346179397,123
000114.jpg,0.1325159697724437,124
000179.jpg,0.13207335107856324,125
000046.jpg,0.1320647965012877,126
000013.jpg,0.13174958452927293,127
000126.jpg,0.13152919049133302,128
000116.jpg,0.13099366486831396,129
000035.jpg,0.13095615797296714,130
000171.jpg,0.13095145094794808,131
000135.jpg,0.130949302352275,132
000193.jpg,0.13094712429921385,133
000123.jpg,0.13094303320610412,134
000082.jpg,0.13089601824887923,135
000066.jpg,0.13088058438841943,136
000091.jpg,0.1308378497035139,137
000056.jpg,0.1307774406547348,138
000010.jpg,0.13072194907538318,139
000025.jpg,0.13060320210125712,140
000036.jpg,0.13055248687871626,141
000115.jpg,0.13054374845146582,142
000020.jpg,0.13039017003029585,143
000062.jpg,0.13036080270453734,144
000118.jpg,0.1303432265262085,145
000125.jpg,0.13032316388907256,146
000122.jpg,0.13030726576430932,147
000024.jpg,0.13025542074400517,148
000096.jpg,0.13023702282872468,149
000108.jpg,0.13020313294880367,150
000026.jpg,0.13019763883548205,151
000007.jpg,0.13018141147094195,152
000071.jpg,0.13014788001223845,153
000073.jpg,0.13011858457078535,154
000113.jpg,0.13010313625757894,155
000006.jpg,0.130077479303711,156
000087.jpg,0.1300703694492027,157
000136.jpg,0.13005495116252594,158
000183.jpg,0.12998405350717127,159
000086.jpg,0.12994238787710113,160
000075.jpg,0.12993733458979817,161
000178.jpg,0.1299314938692583,162
000049.jpg,0.12990446906122896,163
000167.jpg,0.1298986541417738,164
000152.jpg,0.12989279082803812,165
000002.jpg,0.12987779568949784,166
000189.jpg,0.12984575612332536,167
000176.jpg,0.12980182186045028,168
000156.jpg,0.12978221320857605,169
000054.jpg,0.12977632092036032,170
000022.jpg,0.12974468787649163,171
000095.jpg,0.12974108574498033,172
000040.jpg,0.12969744410710754,173
000160.jpg,0.12969705217552407,174
000190.jpg,0.12967482122972054,175
000090.jpg,0.12958371599584267,176
000032.jpg,0.12952992763301285,177
000144.jpg,0.129508371775349,178
000050.jpg,0.12938454452281198,179
000117.jpg,0.12924538328553792,180
000039.jpg,0.12923526905339072,181
000132.jpg,0.1291929005852176,182
000101.jpg,0.12911662400734644,183
000149.jpg,0.1289356542682206,184
000074.jpg,0.1286011517772244,185
000145.jpg,0.12836489629828268,186
000065.jpg,0.1232599788000462,187
000148.jpg,0.12145224367095915,188
000011.jpg,0.12135460927944493,189
000097.jpg,0.120633225456846,190
000187.jpg,0.1016634968281896,191
000138.jpg,0.10082882130518556,192
000072.jpg,0.03886571348886247,193
000044.jpg,0.03650885861780909,194
